name,size
shhwsr2139,Standard_E8ds_v5
shhwsr2140,Standard_E8ds_v5
shhwsr2141,Standard_E8ds_v5
shhwsr2056,Standard_E8ds_v5
shhwsr2057,Standard_E8ds_v5
shhwsr2524,Standard_E4ds_v5
crdwsr0171,Standard_E4ds_v5
shhwsr2240,Standard_E4ds_v5
shhwsr2059,Standard_E4ds_v5
saowsr0202,Standard_E2ds_v5
scnwsr1001,Standard_E2ds_v5
scnwsr1003,Standard_E2ds_v5
scnwsr1006,Standard_E2ds_v5
scnwsr1007,Standard_E2ds_v5
crdwsr0136,Standard_E2ds_v5
dswwsr0021,Standard_E2ds_v5
dswwsr0022,Standard_E2ds_v5
dswwsr0023,Standard_E2ds_v5
dswwsr0024,Standard_E2ds_v5
dswwsr0025,Standard_E2ds_v5
dswwsr0026,Standard_E2ds_v5
dswwsr0027,Standard_E2ds_v5
dswwsr0028,Standard_E2ds_v5
dswwsr0030,Standard_E2ds_v5
dswwsr0031,Standard_E2ds_v5
indwsr0116,Standard_E2ds_v5
indwsr0117,Standard_E2ds_v5
indwsr0118,Standard_E2ds_v5
indwsr0119,Standard_E2ds_v5
saowsr0201,Standard_E2ds_v5
saowsr0203,Standard_E2ds_v5
scnwsr1002,Standard_E2ds_v5
scnwsr1004,Standard_E2ds_v5
scnwsr1005,Standard_E2ds_v5
scnwsr1008,Standard_E2ds_v5
secwsr0023,Standard_E2ds_v5
dswwsr0017,Standard_E2ds_v5
dswwsr0018,Standard_E2ds_v5
dswwsr0019,Standard_E2ds_v5
indwsr0114,Standard_E2ds_v5
saowsr0027,Standard_E2ds_v5
secwsr0021,Standard_E2ds_v5
indwsr0113,Standard_E2ds_v5
scnwsr1010,Standard_E2ds_v5
crdlsr0023,Standard_D8ds_v5
crdlsr0022,Standard_D8ds_v5
crdwsr0145,Standard_D8ds_v5
shhlsr0254,Standard_D8ds_v5
shhwsr2536,Standard_D8ds_v5
shhlsr0303,Standard_D8ds_v5
crdwsr0214,Standard_D8ds_v5
crdwsr0150,Standard_D8ds_v5
shhlsr0253,Standard_D8ds_v5
shhlsr0269,Standard_D8ds_v5
shhwsr2385,Standard_D8ds_v5
shhwsr2386,Standard_D8ds_v5
schwsr0123,Standard_D4ds_v5
crdlsr0017,Standard_D4ds_v5
crdwsr0218,Standard_D4ds_v5
schwsr0128,Standard_D4ds_v5
schwsr0130,Standard_D4ds_v5
schwsr0126,Standard_D4ds_v5
shhwsr2419,Standard_D4ds_v5
shhwsr2450,Standard_D4ds_v5
shhwsr2445,Standard_D4ds_v5
shhwsr2447,Standard_D4ds_v5
dswwsr0011,Standard_D4ds_v5
schwsr0125,Standard_D4ds_v5
schwsr0127,Standard_D4ds_v5
crdwsr0154,Standard_D4ds_v5
shhwsr2418,Standard_D4ds_v5
schwsr0131,Standard_D4ds_v5
shhwsr2446,Standard_D4ds_v5
shhwsr2444,Standard_D4ds_v5
crdwsr0226,Standard_D2ds_v5
crdwsr0227,Standard_D2ds_v5
shhwsr2085,Standard_D2ds_v5
crdwsr0238,Standard_D2ds_v5
dswwsr0032,Standard_D2ds_v5
shhwsr1911,Standard_D2ds_v5
crdwsr0223,Standard_D2ds_v5
crdwsr0225,Standard_D2ds_v5
crdwsr0228,Standard_D2ds_v5
crdwsr0229,Standard_D2ds_v5
crdwsr0230,Standard_D2ds_v5
crdwsr0231,Standard_D2ds_v5
crdwsr0232,Standard_D2ds_v5
crdwsr0233,Standard_D2ds_v5
crdwsr0234,Standard_D2ds_v5
crdwsr0235,Standard_D2ds_v5
shhlsr0208,Standard_D2ds_v5
shhwsr2496,Standard_D2ds_v5
dswwsr0013,Standard_D2ds_v5
dswwsr0015,Standard_D2ds_v5
shhlsr0289,Standard_D2ds_v5
dswwsr0012,Standard_D2ds_v5
dswwsr0014,Standard_D2ds_v5
dswwsr0016,Standard_D2ds_v5
schwsr0129,Standard_D2ds_v5
